Office Name,Contest ID,Ballot Name,Choice ID,Party,Total,,,,,,,,,,,,,,,,,,,,,,,,,,,,,,,,,,,,,,,,,,,,,,,,,,,,,,,,,,,,,,,,,,,,,,,,
US Senate - Rep,US2R,Mike Collins,2,REP,390010,,,,,,,,,,,,,,,,,,,,,,,,,,,,,,,,,,,,,,,,,,,,,,,,,,,,,,,,,,,,,,,,,,,,,,,,
US Senate - Rep,US2R,Derek Dooley,4,REP,312228,,,,,,,,,,,,,,,,,,,,,,,,,,,,,,,,,,,,,,,,,,,,,,,,,,,,,,,,,,,,,,,,,,,,,,,,
US Senate - Rep,US2R,Total Votes,,,702238,,,,,,,,,,,,,,,,,,,,,,,,,,,,,,,,,,,,,,,,,,,,,,,,,,,,,,,,,,,,,,,,,,,,,,,,
Governor - Rep,S1R,Rick Jackson,9,REP,373416,,,,,,,,,,,,,,,,,,,,,,,,,,,,,,,,,,,,,,,,,,,,,,,,,,,,,,,,,,,,,,,,,,,,,,,,
Governor - Rep,S1R,Burt Jones,10,REP,335863,,,,,,,,,,,,,,,,,,,,,,,,,,,,,,,,,,,,,,,,,,,,,,,,,,,,,,,,,,,,,,,,,,,,,,,,
Governor - Rep,S1R,Total Votes,,,709279,,,,,,,,,,,,,,,,,,,,,,,,,,,,,,,,,,,,,,,,,,,,,,,,,,,,,,,,,,,,,,,,,,,,,,,,
Lieutenant Governor - Rep,S2R,Greg Dolezal,23,REP,374868,,,,,,,,,,,,,,,,,,,,,,,,,,,,,,,,,,,,,,,,,,,,,,,,,,,,,,,,,,,,,,,,,,,,,,,,
Lieutenant Governor - Rep,S2R,John F. Kennedy,25,REP,316780,,,,,,,,,,,,,,,,,,,,,,,,,,,,,,,,,,,,,,,,,,,,,,,,,,,,,,,,,,,,,,,,,,,,,,,,
Lieutenant Governor - Rep,S2R,Total Votes,,,691648,,,,,,,,,,,,,,,,,,,,,,,,,,,,,,,,,,,,,,,,,,,,,,,,,,,,,,,,,,,,,,,,,,,,,,,,
Lieutenant Governor - Dem,S2D,Josh McLaurin,87,DEM,210693,,,,,,,,,,,,,,,,,,,,,,,,,,,,,,,,,,,,,,,,,,,,,,,,,,,,,,,,,,,,,,,,,,,,,,,,
Lieutenant Governor - Dem,S2D,Nabilah Parkes,88,DEM,173203,,,,,,,,,,,,,,,,,,,,,,,,,,,,,,,,,,,,,,,,,,,,,,,,,,,,,,,,,,,,,,,,,,,,,,,,
Lieutenant Governor - Dem,S2D,Total Votes,,,383896,,,,,,,,,,,,,,,,,,,,,,,,,,,,,,,,,,,,,,,,,,,,,,,,,,,,,,,,,,,,,,,,,,,,,,,,
Secretary of State - Rep,S3R,Tim Fleming,32,REP,430298,,,,,,,,,,,,,,,,,,,,,,,,,,,,,,,,,,,,,,,,,,,,,,,,,,,,,,,,,,,,,,,,,,,,,,,,
Secretary of State - Rep,S3R,Vernon Jones,33,REP,236816,,,,,,,,,,,,,,,,,,,,,,,,,,,,,,,,,,,,,,,,,,,,,,,,,,,,,,,,,,,,,,,,,,,,,,,,
Secretary of State - Rep,S3R,Total Votes,,,667114,,,,,,,,,,,,,,,,,,,,,,,,,,,,,,,,,,,,,,,,,,,,,,,,,,,,,,,,,,,,,,,,,,,,,,,,
Secretary of State - Dem,S3D,Dana Barrett,38,DEM,141646,,,,,,,,,,,,,,,,,,,,,,,,,,,,,,,,,,,,,,,,,,,,,,,,,,,,,,,,,,,,,,,,,,,,,,,,
Secretary of State - Dem,S3D,Penny Brown Reynolds,39,DEM,242235,,,,,,,,,,,,,,,,,,,,,,,,,,,,,,,,,,,,,,,,,,,,,,,,,,,,,,,,,,,,,,,,,,,,,,,,
Secretary of State - Dem,S3D,Total Votes,,,383881,,,,,,,,,,,,,,,,,,,,,,,,,,,,,,,,,,,,,,,,,,,,,,,,,,,,,,,,,,,,,,,,,,,,,,,,
Commissioner of Insurance - Dem,S6D,DeAndre Mathis,53,DEM,157548,,,,,,,,,,,,,,,,,,,,,,,,,,,,,,,,,,,,,,,,,,,,,,,,,,,,,,,,,,,,,,,,,,,,,,,,
Commissioner of Insurance - Dem,S6D,Keisha Sean Waites,54,DEM,223931,,,,,,,,,,,,,,,,,,,,,,,,,,,,,,,,,,,,,,,,,,,,,,,,,,,,,,,,,,,,,,,,,,,,,,,,
Commissioner of Insurance - Dem,S6D,Total Votes,,,381479,,,,,,,,,,,,,,,,,,,,,,,,,,,,,,,,,,,,,,,,,,,,,,,,,,,,,,,,,,,,,,,,,,,,,,,,
State School Superintendent - Rep,S7R,"Fred ""Bubba"" Longgrear",56,REP,324900,,,,,,,,,,,,,,,,,,,,,,,,,,,,,,,,,,,,,,,,,,,,,,,,,,,,,,,,,,,,,,,,,,,,,,,,
State School Superintendent - Rep,S7R,Richard Woods (I),59,REP,344836,,,,,,,,,,,,,,,,,,,,,,,,,,,,,,,,,,,,,,,,,,,,,,,,,,,,,,,,,,,,,,,,,,,,,,,,
State School Superintendent - Rep,S7R,Total Votes,,,669736,,,,,,,,,,,,,,,,,,,,,,,,,,,,,,,,,,,,,,,,,,,,,,,,,,,,,,,,,,,,,,,,,,,,,,,,
Commissioner of Labor - Dem,S8D,Nikki Porcher,66,DEM,232326,,,,,,,,,,,,,,,,,,,,,,,,,,,,,,,,,,,,,,,,,,,,,,,,,,,,,,,,,,,,,,,,,,,,,,,,
Commissioner of Labor - Dem,S8D,Michelle Michi Sanchez,67,DEM,144000,,,,,,,,,,,,,,,,,,,,,,,,,,,,,,,,,,,,,,,,,,,,,,,,,,,,,,,,,,,,,,,,,,,,,,,,
Commissioner of Labor - Dem,S8D,Total Votes,,,376326,,,,,,,,,,,,,,,,,,,,,,,,,,,,,,,,,,,,,,,,,,,,,,,,,,,,,,,,,,,,,,,,,,,,,,,,
PSC - District 5 - Rep,S13R,Bobby Mehan,72,REP,250129,,,,,,,,,,,,,,,,,,,,,,,,,,,,,,,,,,,,,,,,,,,,,,,,,,,,,,,,,,,,,,,,,,,,,,,,
PSC - District 5 - Rep,S13R,Josh Tolbert,74,REP,371422,,,,,,,,,,,,,,,,,,,,,,,,,,,,,,,,,,,,,,,,,,,,,,,,,,,,,,,,,,,,,,,,,,,,,,,,
PSC - District 5 - Rep,S13R,Total Votes,,,621551,,,,,,,,,,,,,,,,,,,,,,,,,,,,,,,,,,,,,,,,,,,,,,,,,,,,,,,,,,,,,,,,,,,,,,,,
US House of Representatives - District 1 - Dem,USH1D,Joyce Marie Griggs,85,DEM,11206,,,,,,,,,,,,,,,,,,,,,,,,,,,,,,,,,,,,,,,,,,,,,,,,,,,,,,,,,,,,,,,,,,,,,,,,
US House of Representatives - District 1 - Dem,USH1D,Amanda Hollowell,86,DEM,12617,,,,,,,,,,,,,,,,,,,,,,,,,,,,,,,,,,,,,,,,,,,,,,,,,,,,,,,,,,,,,,,,,,,,,,,,
US House of Representatives - District 1 - Dem,USH1D,Total Votes,,,23823,,,,,,,,,,,,,,,,,,,,,,,,,,,,,,,,,,,,,,,,,,,,,,,,,,,,,,,,,,,,,,,,,,,,,,,,
US House of Representatives - District 7 - Dem,USH7D,Tony Kozycki,78,DEM,11664,,,,,,,,,,,,,,,,,,,,,,,,,,,,,,,,,,,,,,,,,,,,,,,,,,,,,,,,,,,,,,,,,,,,,,,,
US House of Representatives - District 7 - Dem,USH7D,Case Norton,80,DEM,5557,,,,,,,,,,,,,,,,,,,,,,,,,,,,,,,,,,,,,,,,,,,,,,,,,,,,,,,,,,,,,,,,,,,,,,,,
US House of Representatives - District 7 - Dem,USH7D,Total Votes,,,17221,,,,,,,,,,,,,,,,,,,,,,,,,,,,,,,,,,,,,,,,,,,,,,,,,,,,,,,,,,,,,,,,,,,,,,,,
US House of Representatives - District 11 - Rep,USH11R,Rob Adkerson,78,REP,24135,,,,,,,,,,,,,,,,,,,,,,,,,,,,,,,,,,,,,,,,,,,,,,,,,,,,,,,,,,,,,,,,,,,,,,,,
US House of Representatives - District 11 - Rep,USH11R,John Cowan,81,REP,44780,,,,,,,,,,,,,,,,,,,,,,,,,,,,,,,,,,,,,,,,,,,,,,,,,,,,,,,,,,,,,,,,,,,,,,,,
US House of Representatives - District 11 - Rep,USH11R,Total Votes,,,68915,,,,,,,,,,,,,,,,,,,,,,,,,,,,,,,,,,,,,,,,,,,,,,,,,,,,,,,,,,,,,,,,,,,,,,,,
US House of Representatives - District 12 - Dem,USH12D,"Traci ""Acree"" George",79,DEM,13326,,,,,,,,,,,,,,,,,,,,,,,,,,,,,,,,,,,,,,,,,,,,,,,,,,,,,,,,,,,,,,,,,,,,,,,,
US House of Representatives - District 12 - Dem,USH12D,Ceretta Smith,81,DEM,16815,,,,,,,,,,,,,,,,,,,,,,,,,,,,,,,,,,,,,,,,,,,,,,,,,,,,,,,,,,,,,,,,,,,,,,,,
US House of Representatives - District 12 - Dem,USH12D,Total Votes,,,30141,,,,,,,,,,,,,,,,,,,,,,,,,,,,,,,,,,,,,,,,,,,,,,,,,,,,,,,,,,,,,,,,,,,,,,,,
State Senate - District 7/ Senador Estatal del Distrito 7 - Dem,SSD7D,Rahul Garabadu,103,DEM,3073,,,,,,,,,,,,,,,,,,,,,,,,,,,,,,,,,,,,,,,,,,,,,,,,,,,,,,,,,,,,,,,,,,,,,,,,
State Senate - District 7/ Senador Estatal del Distrito 7 - Dem,SSD7D,Ruwa Romman,104,DEM,4636,,,,,,,,,,,,,,,,,,,,,,,,,,,,,,,,,,,,,,,,,,,,,,,,,,,,,,,,,,,,,,,,,,,,,,,,
State Senate - District 7/ Senador Estatal del Distrito 7 - Dem,SSD7D,Total Votes,,,7709,,,,,,,,,,,,,,,,,,,,,,,,,,,,,,,,,,,,,,,,,,,,,,,,,,,,,,,,,,,,,,,,,,,,,,,,
Special State Senate - District 7/ Especial Senador Estatal del Distrito 7,SSD7,Aizaz Shahbaz Shaikh (Rep),240,,8130,,,,,,,,,,,,,,,,,,,,,,,,,,,,,,,,,,,,,,,,,,,,,,,,,,,,,,,,,,,,,,,,,,,,,,,,
Special State Senate - District 7/ Especial Senador Estatal del Distrito 7,SSD7,Adrienne White (Dem),241,,8504,,,,,,,,,,,,,,,,,,,,,,,,,,,,,,,,,,,,,,,,,,,,,,,,,,,,,,,,,,,,,,,,,,,,,,,,
Special State Senate - District 7/ Especial Senador Estatal del Distrito 7,SSD7,Total Votes,,,16634,,,,,,,,,,,,,,,,,,,,,,,,,,,,,,,,,,,,,,,,,,,,,,,,,,,,,,,,,,,,,,,,,,,,,,,,
State Senate - District 10 - Dem,SSD10D,Larry Johnson,94,DEM,12620,,,,,,,,,,,,,,,,,,,,,,,,,,,,,,,,,,,,,,,,,,,,,,,,,,,,,,,,,,,,,,,,,,,,,,,,
State Senate - District 10 - Dem,SSD10D,Gabrielle Rogers,95,DEM,6728,,,,,,,,,,,,,,,,,,,,,,,,,,,,,,,,,,,,,,,,,,,,,,,,,,,,,,,,,,,,,,,,,,,,,,,,
State Senate - District 10 - Dem,SSD10D,Total Votes,,,19348,,,,,,,,,,,,,,,,,,,,,,,,,,,,,,,,,,,,,,,,,,,,,,,,,,,,,,,,,,,,,,,,,,,,,,,,
State Senate - District 14 - Dem,SSD14D,Kevin Abel,91,DEM,4317,,,,,,,,,,,,,,,,,,,,,,,,,,,,,,,,,,,,,,,,,,,,,,,,,,,,,,,,,,,,,,,,,,,,,,,,
State Senate - District 14 - Dem,SSD14D,Nathalie J. Kanani,93,DEM,4170,,,,,,,,,,,,,,,,,,,,,,,,,,,,,,,,,,,,,,,,,,,,,,,,,,,,,,,,,,,,,,,,,,,,,,,,
State Senate - District 14 - Dem,SSD14D,Total Votes,,,8487,,,,,,,,,,,,,,,,,,,,,,,,,,,,,,,,,,,,,,,,,,,,,,,,,,,,,,,,,,,,,,,,,,,,,,,,
State Senate - District 46 - Rep,SSD46R,Doug McKillip,86,REP,6636,,,,,,,,,,,,,,,,,,,,,,,,,,,,,,,,,,,,,,,,,,,,,,,,,,,,,,,,,,,,,,,,,,,,,,,,
State Senate - District 46 - Rep,SSD46R,Marc McMain,87,REP,12080,,,,,,,,,,,,,,,,,,,,,,,,,,,,,,,,,,,,,,,,,,,,,,,,,,,,,,,,,,,,,,,,,,,,,,,,
State Senate - District 46 - Rep,SSD46R,Total Votes,,,18716,,,,,,,,,,,,,,,,,,,,,,,,,,,,,,,,,,,,,,,,,,,,,,,,,,,,,,,,,,,,,,,,,,,,,,,,
State Senate - District 51 - Rep,SSD51R,Philip Milam,82,REP,11579,,,,,,,,,,,,,,,,,,,,,,,,,,,,,,,,,,,,,,,,,,,,,,,,,,,,,,,,,,,,,,,,,,,,,,,,
State Senate - District 51 - Rep,SSD51R,Will Wade,84,REP,18260,,,,,,,,,,,,,,,,,,,,,,,,,,,,,,,,,,,,,,,,,,,,,,,,,,,,,,,,,,,,,,,,,,,,,,,,
State Senate - District 51 - Rep,SSD51R,Total Votes,,,29839,,,,,,,,,,,,,,,,,,,,,,,,,,,,,,,,,,,,,,,,,,,,,,,,,,,,,,,,,,,,,,,,,,,,,,,,
State House of Representatives - District 47 - Rep,SHD47R,Brian Cochran,116,REP,1725,,,,,,,,,,,,,,,,,,,,,,,,,,,,,,,,,,,,,,,,,,,,,,,,,,,,,,,,,,,,,,,,,,,,,,,,
State House of Representatives - District 47 - Rep,SHD47R,Jack Miller,118,REP,2935,,,,,,,,,,,,,,,,,,,,,,,,,,,,,,,,,,,,,,,,,,,,,,,,,,,,,,,,,,,,,,,,,,,,,,,,
State House of Representatives - District 47 - Rep,SHD47R,Total Votes,,,4660,,,,,,,,,,,,,,,,,,,,,,,,,,,,,,,,,,,,,,,,,,,,,,,,,,,,,,,,,,,,,,,,,,,,,,,,
State House of Representatives - District 58 - Dem,SHD58D,Demetria Henderson,144,DEM,1802,,,,,,,,,,,,,,,,,,,,,,,,,,,,,,,,,,,,,,,,,,,,,,,,,,,,,,,,,,,,,,,,,,,,,,,,
State House of Representatives - District 58 - Dem,SHD58D,Mathewos Samson,147,DEM,3538,,,,,,,,,,,,,,,,,,,,,,,,,,,,,,,,,,,,,,,,,,,,,,,,,,,,,,,,,,,,,,,,,,,,,,,,
State House of Representatives - District 58 - Dem,SHD58D,Total Votes,,,5340,,,,,,,,,,,,,,,,,,,,,,,,,,,,,,,,,,,,,,,,,,,,,,,,,,,,,,,,,,,,,,,,,,,,,,,,
State House of Representatives - District 62 - Dem,SHD62D,Kavon Arnold,154,DEM,2046,,,,,,,,,,,,,,,,,,,,,,,,,,,,,,,,,,,,,,,,,,,,,,,,,,,,,,,,,,,,,,,,,,,,,,,,
State House of Representatives - District 62 - Dem,SHD62D,Kenn Collier,155,DEM,3359,,,,,,,,,,,,,,,,,,,,,,,,,,,,,,,,,,,,,,,,,,,,,,,,,,,,,,,,,,,,,,,,,,,,,,,,
State House of Representatives - District 62 - Dem,SHD62D,Total Votes,,,5405,,,,,,,,,,,,,,,,,,,,,,,,,,,,,,,,,,,,,,,,,,,,,,,,,,,,,,,,,,,,,,,,,,,,,,,,
State House of Representatives - District 68 - Dem,SHD68D,Mark Baker,136,DEM,2100,,,,,,,,,,,,,,,,,,,,,,,,,,,,,,,,,,,,,,,,,,,,,,,,,,,,,,,,,,,,,,,,,,,,,,,,
State House of Representatives - District 68 - Dem,SHD68D,Timoria McQueen Saba,140,DEM,2286,,,,,,,,,,,,,,,,,,,,,,,,,,,,,,,,,,,,,,,,,,,,,,,,,,,,,,,,,,,,,,,,,,,,,,,,
State House of Representatives - District 68 - Dem,SHD68D,Total Votes,,,4386,,,,,,,,,,,,,,,,,,,,,,,,,,,,,,,,,,,,,,,,,,,,,,,,,,,,,,,,,,,,,,,,,,,,,,,,
State House of Representatives - District 94 - Dem,SHD94D,Kelly Kautz,217,DEM,892,,,,,,,,,,,,,,,,,,,,,,,,,,,,,,,,,,,,,,,,,,,,,,,,,,,,,,,,,,,,,,,,,,,,,,,,
State House of Representatives - District 94 - Dem,SHD94D,Venola Mason (I),218,DEM,3047,,,,,,,,,,,,,,,,,,,,,,,,,,,,,,,,,,,,,,,,,,,,,,,,,,,,,,,,,,,,,,,,,,,,,,,,
State House of Representatives - District 94 - Dem,SHD94D,Total Votes,,,3939,,,,,,,,,,,,,,,,,,,,,,,,,,,,,,,,,,,,,,,,,,,,,,,,,,,,,,,,,,,,,,,,,,,,,,,,
State House of Representatives - District 117 - Dem,SHD117D,Mary Ann Santos (I),113,DEM,531,,,,,,,,,,,,,,,,,,,,,,,,,,,,,,,,,,,,,,,,,,,,,,,,,,,,,,,,,,,,,,,,,,,,,,,,
State House of Representatives - District 117 - Dem,SHD117D,Kim Thomas Smith,114,DEM,3830,,,,,,,,,,,,,,,,,,,,,,,,,,,,,,,,,,,,,,,,,,,,,,,,,,,,,,,,,,,,,,,,,,,,,,,,
State House of Representatives - District 117 - Dem,SHD117D,Total Votes,,,4361,,,,,,,,,,,,,,,,,,,,,,,,,,,,,,,,,,,,,,,,,,,,,,,,,,,,,,,,,,,,,,,,,,,,,,,,
State House of Representatives - District 177 - Dem,SHD177D,Elsie Cason Napier,91,DEM,858,,,,,,,,,,,,,,,,,,,,,,,,,,,,,,,,,,,,,,,,,,,,,,,,,,,,,,,,,,,,,,,,,,,,,,,,
State House of Representatives - District 177 - Dem,SHD177D,"Alvin Payton, Jr.",92,DEM,611,,,,,,,,,,,,,,,,,,,,,,,,,,,,,,,,,,,,,,,,,,,,,,,,,,,,,,,,,,,,,,,,,,,,,,,,
State House of Representatives - District 177 - Dem,SHD177D,Total Votes,,,1469,,,,,,,,,,,,,,,,,,,,,,,,,,,,,,,,,,,,,,,,,,,,,,,,,,,,,,,,,,,,,,,,,,,,,,,,
